POSIXt,DateTime,TC0,TC1,TC2,TC3,TC4,TC5,TC6,TC7
1500649485,2017-07-21 15:04:45,15.765,16.826,15.974,15.799,15.912,16.897,17.291,25.523
1500649490,2017-07-21 15:04:50,15.700,17.082,16.039,15.862,15.976,16.962,17.613,25.714
1500649495,2017-07-21 15:04:55,15.765,17.146,16.103,15.864,15.911,17.025,17.805,25.715
1500649500,2017-07-21 15:05:00,15.701,17.275,16.103,15.862,15.976,17.155,17.869,25.779
1500649505,2017-07-21 15:05:05,15.829,17.405,16.232,15.927,16.040,17.219,18.192,25.778
1500649510,2017-07-21 15:05:10,15.765,17.532,16.295,15.928,16.040,17.284,18.191,25.842
1500649515,2017-07-21 15:05:15,15.764,17.533,16.425,15.926,16.232,17.413,18.319,25.842
1500649520,2017-07-21 15:05:20,15.893,17.790,16.361,15.992,16.169,17.478,18.449,25.842
1500649525,2017-07-21 15:05:25,15.829,17.531,16.297,15.928,16.103,21.915,19.477,25.843
1500649530,2017-07-21 15:05:30,15.765,17.597,16.038,15.928,16.167,19.216,19.734,26.545
1500649535,2017-07-21 15:05:35,15.829,17.597,16.037,15.992,16.232,18.572,19.413,26.097
1500649540,2017-07-21 15:05:40,15.892,17.919,16.168,16.056,16.168,18.378,19.284,25.649
1500649545,2017-07-21 15:05:45,15.957,18.110,16.232,16.056,16.297,18.248,19.284,24.754
1500649550,2017-07-21 15:05:50,16.086,18.047,16.297,16.121,16.233,17.992,19.220,23.922
1500649555,2017-07-21 15:05:55,16.086,18.173,16.617,16.120,16.233,18.121,19.284,23.345
1500649560,2017-07-21 15:06:00,16.085,18.239,16.683,16.314,16.360,17.992,19.285,22.897
1500649565,2017-07-21 15:06:05,16.086,18.432,16.811,16.119,16.425,18.120,19.284,22.961
1500649570,2017-07-21 15:06:10,16.215,18.303,16.875,16.120,16.362,18.249,19.286,22.705
1500649575,2017-07-21 15:06:15,16.214,18.367,17.005,16.313,16.424,18.121,19.349,22.575
1500649580,2017-07-21 15:06:20,16.215,18.367,16.940,16.248,16.553,18.185,19.349,22.513
1500649585,2017-07-21 15:06:25,16.280,18.561,17.005,16.183,16.425,18.378,19.478,22.511
1500649590,2017-07-21 15:06:30,16.150,18.432,17.068,16.248,16.361,18.379,19.477,22.576
1500649595,2017-07-21 15:06:35,16.214,18.625,17.261,16.314,16.555,18.442,19.478,22.576
1500649600,2017-07-21 15:06:40,16.344,18.625,17.134,16.313,16.426,18.442,19.606,22.640
1500649605,2017-07-21 15:06:45,16.344,18.753,17.326,16.249,16.619,18.313,19.670,22.767
1500649610,2017-07-21 15:06:50,16.408,18.881,17.455,16.312,16.555,18.378,19.669,22.704
1500649615,2017-07-21 15:06:55,16.344,18.880,17.326,16.313,16.554,18.442,19.798,22.640
1500649620,2017-07-21 15:07:00,16.408,18.880,17.456,16.313,16.618,18.571,19.862,22.447
1500649625,2017-07-21 15:07:05,16.472,18.882,17.456,16.378,16.619,18.635,19.927,22.319
1500649630,2017-07-21 15:07:10,16.409,18.945,17.454,16.377,16.682,18.699,19.863,22.319
1500649635,2017-07-21 15:07:15,16.473,18.945,17.520,16.378,16.683,18.699,19.863,22.448
1500649640,2017-07-21 15:07:20,16.602,19.074,17.583,16.314,16.683,18.699,20.055,22.511
1500649645,2017-07-21 15:07:25,16.472,19.265,17.712,16.441,16.683,18.763,20.184,22.512
1500649650,2017-07-21 15:07:30,16.473,19.266,17.777,16.376,16.746,18.892,20.184,22.382
1500649655,2017-07-21 15:07:35,16.535,19.330,17.777,16.505,16.617,18.828,20.311,22.511
1500649660,2017-07-21 15:07:40,16.537,19.394,17.841,16.441,16.681,18.892,20.376,22.703
1500649665,2017-07-21 15:07:45,16.601,19.394,17.905,16.441,16.746,19.021,20.503,22.703
1500649670,2017-07-21 15:07:50,16.602,19.460,17.905,16.507,16.682,18.957,20.504,22.641
1500649675,2017-07-21 15:07:55,16.602,19.587,17.969,16.570,16.683,19.020,20.505,22.703
1500649680,2017-07-21 15:08:00,16.795,19.587,18.098,16.698,16.682,19.214,20.634,22.384
1500649685,2017-07-21 15:08:05,16.665,19.651,18.163,16.570,16.747,19.213,20.569,22.448
1500649690,2017-07-21 15:08:10,16.666,19.780,18.099,16.570,16.875,19.086,20.760,22.446
1500649695,2017-07-21 15:08:15,16.730,19.780,18.099,16.634,16.875,19.213,20.825,22.575
1500649700,2017-07-21 15:08:20,16.730,19.843,18.292,16.570,16.746,19.279,20.890,22.638
1500649705,2017-07-21 15:08:25,16.794,19.844,18.291,16.570,16.811,19.086,20.761,22.703
1500649710,2017-07-21 15:08:30,16.859,19.843,18.356,16.634,16.875,19.342,20.953,22.446
1500649715,2017-07-21 15:08:35,16.858,19.907,18.420,16.570,16.875,19.406,21.018,22.574
1500649720,2017-07-21 15:08:40,16.921,20.036,18.484,16.827,16.810,19.342,21.082,22.574
1500649725,2017-07-21 15:08:45,16.795,19.907,18.484,16.698,17.003,19.406,21.017,22.575
1500649730,2017-07-21 15:08:50,16.923,20.163,18.484,16.698,17.002,19.277,21.082,22.701
1500649735,2017-07-21 15:08:55,16.987,20.163,18.548,16.763,16.875,19.341,21.145,22.702
1500649740,2017-07-21 15:09:00,16.988,20.164,18.485,16.698,16.939,19.470,21.273,22.702
1500649745,2017-07-21 15:09:05,16.988,20.227,18.549,16.762,16.940,19.535,21.338,22.639
1500649750,2017-07-21 15:09:10,17.117,20.228,18.742,16.826,16.939,19.599,21.146,22.510
1500649755,2017-07-21 15:09:15,16.988,20.420,18.678,16.827,17.004,19.791,21.338,22.445
1500649760,2017-07-21 15:09:20,16.987,20.485,18.741,16.891,17.003,19.727,21.403,22.445
1500649765,2017-07-21 15:09:25,17.116,20.485,18.742,16.763,17.004,19.856,21.339,22.445
1500649770,2017-07-21 15:09:30,17.115,20.484,18.805,16.891,17.196,19.727,21.466,22.573
1500649775,2017-07-21 15:09:35,17.116,20.549,18.805,16.826,17.131,19.793,21.532,22.445
1500649780,2017-07-21 15:09:40,17.181,20.549,18.934,16.956,17.131,20.048,21.530,22.509
1500649785,2017-07-21 15:09:45,17.245,20.740,18.935,16.892,17.196,19.985,21.595,22.318
1500649790,2017-07-21 15:09:50,17.245,20.805,18.998,16.954,17.131,20.049,21.723,22.317
1500649795,2017-07-21 15:09:55,17.245,20.741,18.934,17.083,17.131,20.241,21.723,22.382
1500649800,2017-07-21 15:10:00,17.246,20.933,18.998,16.956,17.261,20.371,21.787,22.509
1500649805,2017-07-21 15:10:05,17.309,20.935,18.999,17.021,17.196,20.307,21.786,22.445
1500649810,2017-07-21 15:10:10,17.374,20.997,19.190,17.084,17.324,20.242,21.851,22.508
1500649815,2017-07-21 15:10:15,17.245,21.125,19.191,17.019,17.260,20.499,21.787,22.380
1500649820,2017-07-21 15:10:20,17.374,21.124,19.191,17.084,17.452,20.434,21.980,22.445
1500649825,2017-07-21 15:10:25,17.438,21.061,19.319,17.212,17.260,20.368,22.045,22.572
1500649830,2017-07-21 15:10:30,17.373,21.061,19.321,17.020,17.324,20.434,22.044,22.445
1500649835,2017-07-21 15:10:35,17.374,21.253,19.321,17.149,17.389,20.433,22.172,22.445
1500649840,2017-07-21 15:10:40,17.502,21.253,19.320,17.148,17.260,20.434,22.173,22.381
1500649845,2017-07-21 15:10:45,17.631,21.381,19.384,17.213,17.388,20.563,22.171,22.317
1500649850,2017-07-21 15:10:50,17.631,21.317,19.512,17.084,17.452,20.562,22.300,22.381
1500649855,2017-07-21 15:10:55,17.503,21.446,19.576,17.148,17.517,20.691,22.107,22.381
1500649860,2017-07-21 15:11:00,17.632,21.445,19.448,17.213,17.453,20.755,22.236,22.317
1500649865,2017-07-21 15:11:05,17.631,21.508,19.577,17.213,17.390,20.818,22.173,22.381
1500649870,2017-07-21 15:11:10,17.631,21.574,19.640,17.342,17.581,20.820,22.362,22.251
1500649875,2017-07-21 15:11:15,17.696,21.574,19.640,17.278,17.581,20.819,22.301,22.508
1500649880,2017-07-21 15:11:20,17.761,21.511,19.706,17.212,17.580,20.691,22.364,22.381
1500649885,2017-07-21 15:11:25,17.567,21.637,19.769,17.342,17.518,20.756,22.427,22.381
1500649890,2017-07-21 15:11:30,17.696,21.701,19.834,17.341,17.518,20.947,22.365,22.444
1500649895,2017-07-21 15:11:35,17.761,21.702,19.770,17.341,17.710,21.076,22.492,22.316
1500649900,2017-07-21 15:11:40,17.697,21.766,19.899,17.341,17.646,21.076,22.556,22.444
1500649905,2017-07-21 15:11:45,17.825,21.766,19.962,17.341,17.645,21.076,22.557,22.508
1500649910,2017-07-21 15:11:50,17.889,21.958,19.898,17.341,17.710,21.076,22.620,22.572
1500649915,2017-07-21 15:11:55,17.825,21.893,19.898,17.406,17.711,21.012,22.557,22.572
1500649920,2017-07-21 15:12:00,17.889,21.830,20.025,17.407,17.710,21.013,22.749,22.700
1500649925,2017-07-21 15:12:05,17.889,21.958,19.963,17.405,17.774,21.077,22.621,22.508
1500649930,2017-07-21 15:12:10,17.954,21.894,20.027,17.470,17.710,21.075,22.748,22.444
1500649935,2017-07-21 15:12:15,17.954,21.957,20.155,17.470,17.710,21.012,22.812,22.636
1500649940,2017-07-21 15:12:20,17.955,21.957,20.026,17.599,17.774,21.140,22.876,22.508
1500649945,2017-07-21 15:12:25,17.953,22.150,20.154,17.534,17.774,21.204,22.812,22.573
1500649950,2017-07-21 15:12:30,18.083,22.086,20.219,17.534,17.775,21.076,22.941,22.508
1500649955,2017-07-21 15:12:35,18.083,22.023,20.155,17.535,17.839,21.204,23.068,22.700
1500649960,2017-07-21 15:12:40,18.147,22.087,20.219,17.599,17.775,21.204,23.005,22.508
1500649965,2017-07-21 15:12:45,18.146,22.215,20.219,17.599,17.840,21.075,23.133,22.699
1500649970,2017-07-21 15:12:50,18.211,22.214,20.284,17.663,17.839,21.205,23.069,22.636
1500649975,2017-07-21 15:12:55,18.276,22.214,20.284,17.728,17.967,21.332,23.068,22.444
1500649980,2017-07-21 15:13:00,18.212,22.150,20.347,17.599,17.839,21.334,23.005,22.315
1500649985,2017-07-21 15:13:05,18.148,22.406,20.410,17.663,17.965,21.461,23.069,22.252
1500649990,2017-07-21 15:13:10,18.148,22.214,20.413,17.792,18.032,21.525,23.133,22.252
1500649995,2017-07-21 15:13:15,18.211,22.343,20.412,17.663,17.968,21.397,23.133,22.124
1500650000,2017-07-21 15:13:20,18.340,22.405,20.476,17.792,18.032,21.397,23.261,22.187
1500650005,2017-07-21 15:13:25,18.403,22.277,20.413,17.792,17.902,21.268,23.199,22.123
1500650010,2017-07-21 15:13:30,18.276,22.471,20.542,17.857,17.967,21.396,23.326,22.060
1500650015,2017-07-21 15:13:35,18.340,22.470,20.604,17.792,18.095,21.332,23.453,22.124
1500650020,2017-07-21 15:13:40,18.404,22.535,20.669,17.985,17.837,21.269,23.390,22.060
1500650025,2017-07-21 15:13:45,18.404,22.534,20.540,17.791,17.967,21.332,23.453,22.058
1500650030,2017-07-21 15:13:50,18.403,22.598,20.733,17.921,17.968,21.397,23.453,22.059
1500650035,2017-07-21 15:13:55,18.403,22.725,20.732,17.984,17.966,21.461,23.454,22.060
1500650040,2017-07-21 15:14:00,18.405,22.663,20.796,17.984,18.160,21.525,23.517,22.059
1500650045,2017-07-21 15:14:05,18.404,22.662,20.733,17.984,17.967,21.526,23.391,21.930
1500650050,2017-07-21 15:14:10,18.533,22.727,20.797,17.984,18.095,21.654,23.454,21.930
1500650055,2017-07-21 15:14:15,18.405,22.726,20.863,17.922,18.159,21.589,23.517,21.995
1500650060,2017-07-21 15:14:20,18.468,22.789,20.926,18.113,18.160,21.524,23.582,21.995
1500650065,2017-07-21 15:14:25,18.469,22.790,20.925,17.986,18.094,21.654,23.581,21.995
1500650070,2017-07-21 15:14:30,18.661,22.919,20.798,18.113,18.031,21.847,23.711,22.059
1500650075,2017-07-21 15:14:35,18.534,22.790,21.054,17.986,18.160,21.717,23.773,22.059
1500650080,2017-07-21 15:14:40,18.598,22.982,20.991,18.113,18.223,21.717,23.709,21.995
1500650085,2017-07-21 15:14:45,18.791,22.982,20.990,18.113,18.223,21.589,23.773,22.059
1500650090,2017-07-21 15:14:50,18.726,22.982,21.119,18.113,18.159,21.653,23.775,22.187
1500650095,2017-07-21 15:14:55,18.662,23.110,21.119,18.113,18.160,21.846,23.774,22.251
1500650100,2017-07-21 15:15:00,18.727,22.982,21.119,18.113,18.161,21.847,23.774,22.187
1500650105,2017-07-21 15:15:05,18.661,22.982,21.119,18.114,18.160,21.846,23.838,22.059
1500650110,2017-07-21 15:15:10,18.726,22.983,21.118,18.178,18.224,21.846,23.902,22.059
1500650115,2017-07-21 15:15:15,18.983,23.111,21.184,18.178,18.224,21.974,23.965,22.123
1500650120,2017-07-21 15:15:20,18.854,23.047,21.183,18.114,18.225,21.974,23.838,22.188
1500650125,2017-07-21 15:15:25,18.920,23.110,21.375,18.178,18.223,21.846,23.837,22.251
1500650130,2017-07-21 15:15:30,18.983,23.238,21.183,18.242,18.223,21.846,23.965,22.315
1500650135,2017-07-21 15:15:35,19.114,23.046,21.376,18.178,18.288,22.038,23.902,22.186
1500650140,2017-07-21 15:15:40,19.047,23.174,21.376,18.243,18.225,22.167,23.902,22.187
1500650145,2017-07-21 15:15:45,18.984,23.238,21.440,18.114,18.288,22.038,23.903,22.252
1500650150,2017-07-21 15:15:50,19.112,23.238,21.376,18.308,18.288,22.039,24.030,22.251
1500650155,2017-07-21 15:15:55,19.113,23.238,21.439,18.371,18.288,22.231,23.902,22.315
1500650160,2017-07-21 15:16:00,19.177,23.365,21.504,18.371,18.288,22.295,23.965,22.251
1500650165,2017-07-21 15:16:05,19.048,23.303,21.439,18.308,18.288,22.360,24.030,22.251
1500650170,2017-07-21 15:16:10,19.048,23.302,21.439,18.370,18.289,22.360,24.031,22.188
1500650175,2017-07-21 15:16:15,19.177,23.365,21.632,18.242,18.480,22.425,24.094,22.251
1500650180,2017-07-21 15:16:20,19.177,23.367,21.568,18.370,18.480,22.552,24.094,22.315
1500650185,2017-07-21 15:16:25,19.177,23.430,21.697,18.307,18.481,22.424,24.094,22.380
1500650190,2017-07-21 15:16:30,19.177,23.494,21.632,18.372,18.417,22.360,24.286,22.187
1500650195,2017-07-21 15:16:35,19.177,23.366,21.697,18.371,18.417,22.425,24.094,22.251
1500650200,2017-07-21 15:16:40,19.177,23.431,21.760,18.307,18.353,22.553,24.222,22.187
1500650205,2017-07-21 15:16:45,19.176,23.494,21.697,18.372,18.418,22.616,24.350,22.188
1500650210,2017-07-21 15:16:50,19.241,23.621,21.761,18.371,18.417,22.552,24.350,21.994
1500650215,2017-07-21 15:16:55,19.242,23.559,21.697,18.435,18.480,22.616,24.286,22.059
1500650220,2017-07-21 15:17:00,19.177,23.430,21.826,18.371,18.417,22.682,24.350,22.060
1500650225,2017-07-21 15:17:05,19.306,23.558,21.760,18.370,18.483,22.745,24.286,21.995
1500650230,2017-07-21 15:17:10,19.242,23.622,21.826,18.565,18.546,22.680,24.350,21.995
1500650235,2017-07-21 15:17:15,19.370,23.558,21.953,18.563,18.545,22.809,24.349,22.059
1500650240,2017-07-21 15:17:20,19.434,23.751,21.954,18.562,18.544,22.872,24.414,21.995
1500650245,2017-07-21 15:17:25,19.370,23.751,21.889,18.565,18.545,22.938,24.414,22.059
1500650250,2017-07-21 15:17:30,19.434,23.750,21.953,18.563,18.610,22.874,24.350,22.186
1500650255,2017-07-21 15:17:35,19.434,23.814,21.890,18.563,18.610,22.937,24.542,21.930
1500650260,2017-07-21 15:17:40,19.435,23.878,21.953,18.629,18.482,22.810,24.542,22.123
1500650265,2017-07-21 15:17:45,19.435,23.815,21.954,18.564,18.481,22.938,24.542,22.187
1500650270,2017-07-21 15:17:50,19.434,23.750,22.018,18.628,18.481,22.937,24.543,22.123
1500650275,2017-07-21 15:17:55,19.563,23.878,22.146,18.564,18.610,22.872,24.542,21.867
1500650280,2017-07-21 15:18:00,19.435,23.878,22.209,18.629,18.610,22.937,24.478,21.930
1500650285,2017-07-21 15:18:05,19.563,23.941,22.081,18.630,18.547,23.065,24.414,21.995
1500650290,2017-07-21 15:18:10,19.693,24.005,22.210,18.565,18.675,23.002,24.606,22.059
1500650295,2017-07-21 15:18:15,19.628,24.007,22.211,18.693,18.739,23.129,24.669,22.059
1500650300,2017-07-21 15:18:20,19.564,24.007,22.147,18.693,18.673,23.066,24.606,21.994
1500650305,2017-07-21 15:18:25,19.564,24.006,22.209,18.628,18.610,23.129,24.670,21.865
1500650310,2017-07-21 15:18:30,19.692,24.006,22.210,18.629,18.610,23.129,24.607,21.674
1500650315,2017-07-21 15:18:35,19.692,24.006,22.209,18.692,18.738,23.130,24.606,21.995
1500650320,2017-07-21 15:18:40,19.692,24.006,22.210,18.821,18.674,23.386,24.607,22.123
1500650325,2017-07-21 15:18:45,19.756,24.070,22.210,18.758,18.674,23.386,24.798,22.123
1500650330,2017-07-21 15:18:50,19.692,24.134,22.275,18.758,18.738,23.387,24.798,22.187
1500650335,2017-07-21 15:18:55,19.821,24.134,22.274,18.757,18.867,23.387,24.863,22.315
1500650340,2017-07-21 15:19:00,19.757,24.133,22.274,18.757,18.804,23.449,24.799,22.380
1500650345,2017-07-21 15:19:05,19.821,24.134,22.530,18.886,18.803,23.386,24.798,22.380
1500650350,2017-07-21 15:19:10,19.756,24.133,22.402,18.949,18.803,23.642,24.862,22.252
1500650355,2017-07-21 15:19:15,19.820,24.198,22.402,18.822,18.995,23.513,24.926,22.251
1500650360,2017-07-21 15:19:20,19.821,24.262,22.403,18.757,18.803,23.579,24.863,22.251
1500650365,2017-07-21 15:19:25,19.885,24.198,22.403,18.822,18.867,23.642,24.926,22.317
1500650370,2017-07-21 15:19:30,19.950,24.262,22.403,18.950,18.867,23.643,24.990,22.380
1500650375,2017-07-21 15:19:35,19.886,24.262,22.531,18.886,18.867,23.643,24.862,22.315
1500650380,2017-07-21 15:19:40,19.949,24.262,22.595,18.886,18.931,23.771,24.926,22.251
1500650385,2017-07-21 15:19:45,19.885,24.325,22.467,18.950,18.930,23.707,24.926,22.379
1500650390,2017-07-21 15:19:50,19.821,24.262,22.467,18.887,18.995,23.707,25.054,22.123
1500650395,2017-07-21 15:19:55,20.014,24.326,22.659,18.886,18.996,23.770,25.054,22.059
1500650400,2017-07-21 15:20:00,20.014,24.326,22.660,18.887,18.931,23.899,25.054,22.123
1500650405,2017-07-21 15:20:05,20.014,24.390,22.660,18.887,18.932,23.835,25.119,21.995
1500650410,2017-07-21 15:20:10,19.950,24.453,22.660,19.014,18.995,23.899,25.119,21.931
1500650415,2017-07-21 15:20:15,20.143,24.454,22.725,19.142,18.996,23.899,25.183,21.804
1500650420,2017-07-21 15:20:20,20.078,24.454,22.851,19.078,18.996,23.898,25.182,21.995
1500650425,2017-07-21 15:20:25,20.143,24.518,22.723,19.080,18.996,24.027,25.182,21.931
1500650430,2017-07-21 15:20:30,20.207,24.454,22.661,19.142,18.932,23.964,25.245,21.994
1500650435,2017-07-21 15:20:35,20.207,24.518,22.851,19.079,18.996,23.963,25.311,21.995
1500650440,2017-07-21 15:20:40,20.207,24.581,22.787,19.016,19.059,24.283,25.247,22.124
1500650445,2017-07-21 15:20:45,20.207,24.582,22.788,19.079,19.060,24.091,25.374,22.188
1500650450,2017-07-21 15:20:50,20.208,24.517,22.851,19.016,18.996,24.092,25.311,22.251
1500650455,2017-07-21 15:20:55,20.208,24.645,22.916,19.143,18.996,24.156,25.247,22.187
1500650461,2017-07-21 15:21:01,20.271,24.709,22.979,19.207,19.125,24.221,25.182,22.059
1500650466,2017-07-21 15:21:06,20.271,24.709,22.852,19.144,19.061,24.156,25.311,22.060
1500650471,2017-07-21 15:21:11,20.336,24.646,22.980,19.143,19.060,24.220,25.374,22.188
1500650476,2017-07-21 15:21:16,20.271,24.710,22.980,19.143,19.060,24.347,25.374,21.995
1500650481,2017-07-21 15:21:21,20.271,24.837,22.981,19.144,19.060,24.219,25.374,22.060
1500650486,2017-07-21 15:21:26,20.272,24.773,23.044,19.079,19.124,24.219,25.375,22.187
1500650491,2017-07-21 15:21:31,20.335,24.774,23.109,19.143,19.060,24.412,25.310,22.187
1500650496,2017-07-21 15:21:36,20.464,24.774,23.044,19.208,19.190,24.347,25.374,21.995
1500650501,2017-07-21 15:21:41,20.528,24.774,23.107,19.336,19.253,24.412,25.374,21.996
1500650506,2017-07-21 15:21:46,20.464,24.901,22.980,19.272,19.316,24.348,25.374,21.930
1500650511,2017-07-21 15:21:51,20.463,24.774,23.172,19.208,19.190,24.348,25.503,21.930
1500650516,2017-07-21 15:21:56,20.400,24.902,23.172,19.337,19.316,24.348,25.694,21.994
1500650520,2017-07-21 15:22:00,20.400,24.966,23.173,19.207,19.124,24.412,25.630,21.867
1500650525,2017-07-21 15:22:05,20.528,24.964,23.172,19.271,19.189,24.475,25.630,21.932
1500650530,2017-07-21 15:22:10,20.528,24.964,23.237,19.401,18.996,24.476,25.566,21.867
1500650535,2017-07-21 15:22:15,20.656,25.029,23.109,19.208,19.318,24.412,25.566,21.994
1500650540,2017-07-21 15:22:20,20.528,25.029,23.238,19.338,19.253,24.412,25.758,21.994
1500650545,2017-07-21 15:22:25,20.528,25.028,23.300,19.336,19.316,24.540,25.757,21.931
1500650550,2017-07-21 15:22:30,20.657,25.093,23.300,19.273,19.253,24.539,25.630,21.930
1500650555,2017-07-21 15:22:35,20.657,25.029,23.300,19.402,19.253,24.540,25.694,21.995
1500650560,2017-07-21 15:22:40,20.657,25.029,23.301,19.401,19.381,24.667,25.631,21.995
1500650565,2017-07-21 15:22:45,20.657,25.093,23.301,19.465,19.317,24.540,25.822,22.124
1500650570,2017-07-21 15:22:50,20.722,25.094,23.364,19.337,19.318,24.540,25.949,21.995
1500650575,2017-07-21 15:22:55,20.786,25.029,23.365,19.401,19.381,24.604,25.822,22.060
1500650580,2017-07-21 15:23:00,20.722,25.156,23.428,19.336,19.382,24.541,25.822,21.994
1500650585,2017-07-21 15:23:05,20.721,25.221,23.493,19.401,19.317,24.412,25.823,21.930
1500650590,2017-07-21 15:23:10,20.721,25.222,23.493,19.401,19.254,24.604,25.886,21.932
1500650595,2017-07-21 15:23:15,20.786,25.157,23.493,19.465,19.254,24.540,25.950,22.123
1500650600,2017-07-21 15:23:20,20.721,25.221,23.429,19.465,19.317,24.605,25.887,22.188
1500650605,2017-07-21 15:23:25,20.721,25.157,23.430,19.466,19.382,24.731,25.887,22.187
1500650610,2017-07-21 15:23:30,20.785,25.285,23.557,19.401,19.445,24.732,25.950,22.123
1500650615,2017-07-21 15:23:35,20.851,25.221,23.492,19.529,19.511,24.861,25.950,22.122
1500650620,2017-07-21 15:23:40,20.978,25.221,23.557,19.659,19.445,24.860,25.950,22.058
1500650625,2017-07-21 15:23:45,20.786,25.158,23.622,19.530,19.510,24.797,26.014,22.059
1500650630,2017-07-21 15:23:50,20.851,25.348,23.685,19.594,19.382,24.796,26.078,22.060
1500650635,2017-07-21 15:23:55,20.915,25.349,23.621,19.658,19.382,24.796,26.141,22.060
1500650640,2017-07-21 15:24:00,20.979,25.412,23.684,19.530,19.510,24.733,26.141,22.188
1500650645,2017-07-21 15:24:05,20.914,25.222,23.557,19.466,19.382,24.731,26.141,22.124
1500650650,2017-07-21 15:24:10,20.980,25.349,23.685,19.657,19.510,24.860,26.078,22.188
1500650655,2017-07-21 15:24:15,20.914,25.350,23.621,19.594,19.447,24.925,25.949,22.060
1500650660,2017-07-21 15:24:20,20.979,25.348,23.750,19.594,19.510,24.861,26.078,22.123
1500650665,2017-07-21 15:24:25,21.043,25.540,23.813,19.722,19.511,24.860,26.142,21.996
1500650670,2017-07-21 15:24:30,20.979,25.477,23.686,19.659,19.638,24.924,26.142,21.995
1500650675,2017-07-21 15:24:35,21.043,25.476,23.814,19.594,19.639,24.925,26.014,21.931
1500650680,2017-07-21 15:24:40,21.107,25.412,23.750,19.596,19.510,24.925,26.077,21.867
1500650685,2017-07-21 15:24:45,21.043,25.412,23.815,19.724,19.574,24.988,26.141,21.931
1500650690,2017-07-21 15:24:50,20.979,25.477,23.815,19.595,19.639,24.925,26.078,21.995
1500650695,2017-07-21 15:24:55,21.108,25.540,23.878,19.787,19.575,25.053,26.014,21.995
1500650700,2017-07-21 15:25:00,21.172,25.540,23.879,19.722,19.704,24.989,25.950,21.995
1500650705,2017-07-21 15:25:05,21.236,25.413,23.942,19.723,19.702,24.988,26.078,21.803
1500650710,2017-07-21 15:25:10,21.107,25.540,23.878,19.851,19.639,24.989,26.079,22.059
1500650715,2017-07-21 15:25:15,21.109,25.477,23.942,19.851,19.575,25.180,26.014,21.867
1500650720,2017-07-21 15:25:20,21.173,25.541,24.006,19.851,19.575,25.115,25.950,22.059
1500650725,2017-07-21 15:25:25,21.237,25.541,24.006,19.853,19.575,25.117,26.144,22.124
1500650730,2017-07-21 15:25:30,21.236,25.540,24.134,19.786,19.703,25.117,26.207,21.931
1500650735,2017-07-21 15:25:35,21.172,25.603,24.071,19.788,19.703,25.181,26.207,21.868
1500650740,2017-07-21 15:25:40,21.108,25.668,24.071,19.851,19.703,25.180,26.270,22.060
1500650745,2017-07-21 15:25:45,21.235,25.669,24.071,19.724,19.704,25.181,26.269,22.060
1500650750,2017-07-21 15:25:50,21.237,25.669,24.197,19.916,19.831,25.182,26.333,22.188
1500650755,2017-07-21 15:25:55,21.236,25.797,24.134,19.917,19.767,25.180,26.270,22.251
1500650760,2017-07-21 15:26:00,21.236,25.732,24.070,19.917,19.767,25.118,26.206,22.252
1500650765,2017-07-21 15:26:05,21.236,25.733,24.263,19.852,19.831,25.308,26.206,22.253
1500650770,2017-07-21 15:26:10,21.236,25.798,24.134,19.916,19.768,25.244,26.334,22.251
1500650775,2017-07-21 15:26:15,21.365,25.732,24.198,19.852,19.767,25.180,26.206,22.251
1500650780,2017-07-21 15:26:20,21.235,25.796,24.262,19.981,19.894,25.309,26.334,22.124
1500650785,2017-07-21 15:26:25,21.237,25.797,24.262,19.982,19.767,25.246,26.270,22.187
1500650790,2017-07-21 15:26:30,21.301,25.732,24.199,19.916,19.897,25.246,26.143,22.253
1500650795,2017-07-21 15:26:35,21.236,25.733,24.263,19.980,19.961,25.373,26.207,22.188
1500650800,2017-07-21 15:26:40,21.300,25.732,24.326,19.980,20.024,25.373,26.142,22.251
1500650805,2017-07-21 15:26:45,21.237,25.797,24.263,19.981,19.896,25.373,26.333,22.252
1500650810,2017-07-21 15:26:50,21.365,25.797,24.390,20.109,19.960,25.309,26.271,22.124
1500650815,2017-07-21 15:26:55,21.300,25.796,24.454,19.980,19.960,25.436,26.206,22.252
1500650820,2017-07-21 15:27:00,21.429,25.733,24.454,19.917,20.024,25.437,26.143,22.253
1500650825,2017-07-21 15:27:05,21.558,25.796,24.519,19.981,20.024,25.437,26.333,22.252
1500650830,2017-07-21 15:27:10,21.492,25.797,24.455,20.109,19.896,25.309,26.335,22.188
1500650835,2017-07-21 15:27:15,21.430,25.860,24.455,20.171,20.025,25.437,26.398,22.124
1500650840,2017-07-21 15:27:20,21.493,25.797,24.519,20.108,20.153,25.500,26.334,22.252
1500650845,2017-07-21 15:27:25,21.494,25.988,24.455,20.045,20.090,25.629,26.335,22.253
1500650850,2017-07-21 15:27:30,21.493,25.988,24.454,20.173,20.089,25.501,26.397,22.379
1500650855,2017-07-21 15:27:35,21.493,25.988,24.519,20.173,20.090,25.501,26.461,22.252
1500650860,2017-07-21 15:27:40,21.558,25.861,24.455,20.174,20.154,25.565,26.462,22.126
1500650865,2017-07-21 15:27:45,21.686,25.988,24.581,20.174,20.153,25.692,26.527,22.316
1500650870,2017-07-21 15:27:50,21.622,25.987,24.646,20.173,20.218,25.693,26.462,22.252
1500650875,2017-07-21 15:27:55,21.622,26.051,24.519,20.237,20.025,25.693,26.589,22.253
1500650880,2017-07-21 15:28:00,21.622,26.051,24.518,20.173,20.089,25.693,26.718,22.251
1500650885,2017-07-21 15:28:05,21.622,26.306,24.519,20.238,20.217,25.757,26.781,22.188
1500650890,2017-07-21 15:28:10,21.686,25.988,24.582,20.303,20.153,25.631,26.782,22.251
1500650895,2017-07-21 15:28:15,21.622,26.243,24.710,20.303,20.154,25.693,26.909,22.251
1500650900,2017-07-21 15:28:20,21.751,26.307,24.646,20.238,20.154,25.692,26.909,22.123
1500650905,2017-07-21 15:28:25,21.685,26.243,24.712,20.238,20.154,25.885,26.845,22.252
1500650910,2017-07-21 15:28:30,21.814,26.244,24.647,20.431,20.281,25.757,26.718,22.316
1500650915,2017-07-21 15:28:35,21.687,26.307,24.646,20.367,20.218,25.692,26.846,22.445
1500650920,2017-07-21 15:28:40,21.750,26.244,24.711,20.431,20.217,25.694,26.910,22.509
1500650925,2017-07-21 15:28:45,21.815,26.372,24.774,20.238,20.218,25.757,26.846,22.188
1500650930,2017-07-21 15:28:50,21.814,26.372,24.710,20.366,20.282,25.692,27.039,22.316
1500650935,2017-07-21 15:28:55,21.751,26.307,24.775,20.431,20.281,25.758,27.038,22.317
1500650940,2017-07-21 15:29:00,21.752,26.498,24.775,20.367,20.281,25.885,27.101,22.316
1500650945,2017-07-21 15:29:05,21.943,26.561,24.712,20.431,20.281,25.885,26.973,22.443
1500650950,2017-07-21 15:29:10,21.942,26.434,24.839,20.366,20.282,25.949,27.100,22.315
1500650955,2017-07-21 15:29:15,21.878,26.498,24.838,20.431,20.410,25.949,27.101,22.573
1500650960,2017-07-21 15:29:20,21.943,26.562,24.840,20.431,20.410,25.948,27.100,22.316
1500650965,2017-07-21 15:29:25,21.944,26.435,24.967,20.494,20.410,25.949,27.101,22.252
1500650970,2017-07-21 15:29:30,21.943,26.563,24.904,20.559,20.346,26.014,27.101,22.380
1500650975,2017-07-21 15:29:35,21.944,26.562,24.711,20.495,20.282,25.950,27.164,22.251
1500650980,2017-07-21 15:29:40,22.008,26.562,24.902,20.432,20.282,26.013,27.100,22.251
1500650985,2017-07-21 15:29:45,22.007,26.562,25.031,20.431,20.347,26.078,27.228,22.251
1500650990,2017-07-21 15:29:50,22.007,26.626,24.967,20.430,20.539,26.015,27.292,22.252
1500650995,2017-07-21 15:29:55,21.944,26.626,25.031,20.624,20.411,26.206,27.164,22.252
1500651000,2017-07-21 15:30:00,21.943,26.562,25.031,20.623,20.346,26.078,27.165,22.124
1500651005,2017-07-21 15:30:05,22.070,26.753,25.095,20.559,20.346,26.141,27.421,22.253
1500651010,2017-07-21 15:30:10,21.944,26.626,25.095,20.559,20.347,26.141,27.421,22.253
1500651015,2017-07-21 15:30:15,22.008,26.753,25.158,20.560,20.475,26.142,27.230,22.188
1500651020,2017-07-21 15:30:20,22.008,26.754,25.158,20.688,20.283,26.142,27.229,22.251
1500651025,2017-07-21 15:30:25,22.071,26.690,24.968,20.689,20.410,26.205,27.292,22.251
1500651030,2017-07-21 15:30:30,22.199,26.691,25.159,20.688,20.475,26.141,27.420,22.252
1500651035,2017-07-21 15:30:35,22.135,26.626,25.222,20.688,20.412,25.949,27.421,22.252
1500651040,2017-07-21 15:30:40,22.200,26.754,25.223,20.625,20.538,26.205,27.421,22.253
1500651045,2017-07-21 15:30:45,22.264,26.754,25.159,20.752,20.603,26.269,27.421,22.253
1500651050,2017-07-21 15:30:50,22.264,26.818,25.158,20.688,20.603,26.269,27.229,22.188
1500651055,2017-07-21 15:30:55,22.265,26.882,25.223,20.688,20.602,26.205,27.420,22.253
1500651060,2017-07-21 15:31:00,22.264,26.881,25.223,20.753,20.667,26.205,27.421,22.188
1500651065,2017-07-21 15:31:05,22.199,26.881,25.351,20.688,20.603,26.270,27.484,22.252
1500651070,2017-07-21 15:31:10,22.264,26.818,25.287,20.753,20.667,26.205,27.486,22.253
1500651075,2017-07-21 15:31:15,22.264,26.945,25.223,20.816,20.668,26.268,27.676,22.252
1500651080,2017-07-21 15:31:20,22.201,26.945,25.287,20.816,20.539,26.205,27.675,22.317
1500651085,2017-07-21 15:31:25,22.264,26.945,25.287,20.880,20.667,26.270,27.675,22.443
1500651090,2017-07-21 15:31:30,22.329,27.009,25.223,20.688,20.668,26.269,27.549,22.379
1500651095,2017-07-21 15:31:35,22.328,27.072,25.287,20.816,20.668,26.269,27.676,22.381
1500651100,2017-07-21 15:31:40,22.393,27.009,25.287,20.946,20.732,26.396,27.548,22.316
1500651105,2017-07-21 15:31:45,22.329,27.072,25.287,20.880,20.732,26.270,27.612,22.380
1500651110,2017-07-21 15:31:50,22.393,27.072,25.287,20.817,20.796,26.269,27.739,22.381
1500651115,2017-07-21 15:31:55,22.393,27.009,25.415,20.880,20.860,26.333,27.612,22.444
1500651120,2017-07-21 15:32:00,22.392,27.008,25.287,20.881,20.795,26.333,27.803,22.572
1500651125,2017-07-21 15:32:05,22.329,27.073,25.351,20.880,20.796,26.398,27.739,22.318
1500651130,2017-07-21 15:32:10,22.458,27.199,25.351,20.946,20.731,26.205,27.804,22.381
1500651135,2017-07-21 15:32:15,22.522,27.201,25.350,20.880,20.797,26.461,27.867,22.381
1500651140,2017-07-21 15:32:20,22.521,27.071,25.287,20.946,20.796,26.397,27.740,22.507
1500651145,2017-07-21 15:32:25,22.521,27.137,25.479,20.882,20.860,26.461,27.740,22.380
1500651150,2017-07-21 15:32:30,22.521,27.136,25.479,20.946,20.797,26.524,27.868,22.316
1500651155,2017-07-21 15:32:35,22.521,27.263,25.415,21.009,20.796,26.461,27.804,22.380
1500651160,2017-07-21 15:32:40,22.584,27.137,25.478,21.009,20.796,26.525,27.867,22.252
1500651165,2017-07-21 15:32:45,22.585,27.199,25.543,21.009,20.923,26.460,27.932,22.252
1500651170,2017-07-21 15:32:50,22.522,27.263,25.479,20.946,20.924,26.461,27.931,22.188
1500651175,2017-07-21 15:32:55,22.522,27.328,25.607,21.009,20.860,26.524,27.932,22.251
1500651180,2017-07-21 15:33:00,22.714,27.201,25.607,20.880,20.925,26.588,27.931,22.316
1500651185,2017-07-21 15:33:05,22.649,27.264,25.480,21.009,20.989,26.525,27.804,22.317
1500651190,2017-07-21 15:33:10,22.713,27.392,25.607,21.009,20.988,26.653,27.931,22.444
1500651195,2017-07-21 15:33:15,22.714,27.328,25.606,21.074,20.988,26.716,27.996,22.508
1500651200,2017-07-21 15:33:20,22.586,27.391,25.543,21.011,20.988,26.652,27.931,22.380
1500651205,2017-07-21 15:33:25,22.778,27.329,25.671,21.073,20.989,26.588,27.868,22.508
1500651210,2017-07-21 15:33:30,22.712,27.328,25.734,21.074,20.989,26.524,27.995,22.508
1500651215,2017-07-21 15:33:35,22.649,27.392,25.734,21.138,20.925,26.524,28.122,22.445
1500651220,2017-07-21 15:33:40,22.714,27.329,25.670,21.073,21.054,26.525,28.123,22.508
1500651225,2017-07-21 15:33:45,22.715,27.391,25.735,21.138,21.052,26.717,27.932,22.316
1500651230,2017-07-21 15:33:50,22.778,27.392,25.862,21.074,21.053,26.653,28.123,22.444
1500651235,2017-07-21 15:33:55,22.778,27.392,25.862,21.075,21.052,26.717,28.060,22.379
1500651240,2017-07-21 15:34:00,22.779,27.519,25.799,21.137,21.053,26.654,28.122,22.574
1500651245,2017-07-21 15:34:05,22.778,27.456,25.734,21.009,21.054,26.653,28.187,22.701
1500651250,2017-07-21 15:34:10,22.842,27.392,25.863,21.138,21.118,26.461,28.123,22.764
1500651255,2017-07-21 15:34:15,22.842,27.455,25.798,21.137,21.116,26.716,28.059,22.573
1500651260,2017-07-21 15:34:20,22.971,27.518,25.798,21.137,21.181,26.844,27.996,22.572
1500651265,2017-07-21 15:34:25,22.778,27.519,25.863,21.201,21.118,26.781,27.995,22.636
1500651270,2017-07-21 15:34:30,22.906,27.328,25.928,21.202,21.052,26.845,27.995,22.573
1500651275,2017-07-21 15:34:35,22.842,27.392,25.926,21.203,21.116,26.781,28.124,22.444
1500651280,2017-07-21 15:34:40,22.970,27.390,25.862,21.202,21.181,26.781,28.059,22.445
1500651285,2017-07-21 15:34:45,22.970,27.519,26.055,21.265,21.244,26.781,28.060,22.508
1500651290,2017-07-21 15:34:50,22.970,27.583,25.799,21.138,21.117,26.781,28.122,22.573
1500651295,2017-07-21 15:34:55,23.034,27.583,26.055,21.266,21.181,26.781,28.123,22.509
1500651300,2017-07-21 15:35:00,22.969,27.583,26.053,21.202,21.244,26.844,28.187,22.701
1500651305,2017-07-21 15:35:05,23.098,27.646,25.927,21.201,21.244,26.972,28.122,22.509
1500651310,2017-07-21 15:35:10,23.034,27.646,26.054,21.203,21.373,26.972,28.185,22.381
1500651315,2017-07-21 15:35:15,23.036,27.584,26.054,21.331,21.246,26.973,28.314,22.381
1500651320,2017-07-21 15:35:20,23.035,27.520,26.118,21.394,21.246,26.845,28.314,22.381
1500651325,2017-07-21 15:35:25,23.034,27.520,26.119,21.330,21.309,26.972,28.441,22.508
1500651330,2017-07-21 15:35:30,23.099,27.774,26.118,21.395,21.245,26.908,28.378,22.444
1500651335,2017-07-21 15:35:35,22.971,27.710,26.054,21.394,21.245,26.908,28.441,22.380
1500651340,2017-07-21 15:35:40,23.035,27.838,26.119,21.330,21.117,26.845,28.377,22.381
1500651345,2017-07-21 15:35:45,23.099,27.773,26.182,21.268,21.245,26.845,28.379,22.380
1500651350,2017-07-21 15:35:50,23.162,27.838,26.055,21.331,21.245,27.037,28.379,22.316
1500651355,2017-07-21 15:35:55,23.099,27.711,26.055,21.396,21.438,26.974,28.440,22.252
1500651360,2017-07-21 15:36:00,23.035,27.775,26.055,21.395,21.246,27.036,28.378,22.379
1500651365,2017-07-21 15:36:05,23.098,27.773,26.056,21.331,21.309,26.974,28.442,22.188
1500651370,2017-07-21 15:36:10,23.291,27.774,26.119,21.330,21.309,27.036,28.505,22.252
1500651375,2017-07-21 15:36:15,23.163,27.837,26.246,21.331,21.245,26.972,28.570,22.253
1500651380,2017-07-21 15:36:20,23.163,27.965,26.183,21.331,21.309,27.037,28.569,22.188
1500651385,2017-07-21 15:36:25,23.226,27.902,26.182,21.331,21.373,27.100,28.698,22.445
1500651390,2017-07-21 15:36:30,23.227,27.902,26.120,21.459,21.309,26.908,28.697,22.317
1500651395,2017-07-21 15:36:35,23.162,27.902,26.182,21.459,21.246,27.036,28.761,22.316
1500651400,2017-07-21 15:36:40,23.291,27.838,26.310,21.330,21.565,27.228,28.569,22.443
1500651405,2017-07-21 15:36:45,23.228,27.838,26.246,21.587,21.502,27.228,28.441,22.380
1500651410,2017-07-21 15:36:50,23.291,27.774,26.374,21.459,21.502,27.164,28.505,22.445
1500651415,2017-07-21 15:36:55,23.291,27.901,26.374,21.459,21.310,27.229,28.568,22.379
1500651420,2017-07-21 15:37:00,23.227,27.838,26.310,21.588,21.501,27.227,28.441,22.316
1500651425,2017-07-21 15:37:05,23.292,27.838,26.311,21.715,21.438,27.100,28.379,22.444
1500651430,2017-07-21 15:37:10,23.291,27.901,26.246,21.459,21.437,26.973,28.505,22.316
1500651435,2017-07-21 15:37:15,23.354,27.901,26.374,21.523,21.310,27.100,28.506,22.443
1500651440,2017-07-21 15:37:20,23.227,27.965,26.438,21.588,21.373,27.035,28.633,22.445
1500651445,2017-07-21 15:37:25,23.355,27.964,26.438,21.588,21.309,27.037,28.569,22.381
1500651450,2017-07-21 15:37:30,23.291,28.028,26.311,21.587,21.374,27.164,28.633,22.508
1500651455,2017-07-21 15:37:35,23.227,27.965,26.375,21.525,21.566,27.163,28.633,22.444
1500651460,2017-07-21 15:37:40,23.292,27.965,26.439,21.588,21.502,27.037,28.697,22.509
1500651465,2017-07-21 15:37:45,23.355,27.902,26.565,21.587,21.502,27.100,28.698,22.380
1500651470,2017-07-21 15:37:50,23.291,28.028,26.310,21.524,21.502,27.164,28.696,22.571
1500651475,2017-07-21 15:37:55,23.356,28.092,26.502,21.524,21.502,27.164,28.569,22.316
1500651480,2017-07-21 15:38:00,23.355,28.093,26.502,21.715,21.501,27.228,28.632,22.252
1500651485,2017-07-21 15:38:05,23.419,28.156,26.502,21.524,21.501,27.227,28.760,22.316
1500651490,2017-07-21 15:38:10,23.356,28.092,26.502,21.716,21.566,27.228,28.761,22.251
1500651495,2017-07-21 15:38:15,23.483,28.093,26.566,21.716,21.565,27.228,28.760,22.187
1500651500,2017-07-21 15:38:20,23.420,28.092,26.566,21.652,21.629,27.037,28.697,22.251
1500651505,2017-07-21 15:38:25,23.611,28.029,26.629,21.716,21.565,27.228,28.761,21.997
1500651510,2017-07-21 15:38:30,23.612,28.092,26.630,21.715,21.565,27.228,28.824,22.251
1500651515,2017-07-21 15:38:35,23.483,28.092,26.630,21.716,21.502,27.229,28.888,21.995
1500651520,2017-07-21 15:38:40,23.419,28.156,26.567,21.651,21.437,27.228,28.888,21.994
1500651525,2017-07-21 15:38:45,23.420,28.093,26.567,21.716,21.566,27.228,28.951,22.187
1500651530,2017-07-21 15:38:50,23.547,28.092,26.566,21.717,21.566,27.291,28.952,22.060
1500651535,2017-07-21 15:38:55,23.612,28.092,26.694,21.652,21.566,27.228,28.824,22.252
1500651540,2017-07-21 15:39:00,23.548,28.093,26.629,21.716,21.565,27.228,28.824,22.253
1500651545,2017-07-21 15:39:05,23.548,28.156,26.501,21.716,21.502,27.228,28.760,22.125
1500651550,2017-07-21 15:39:10,23.548,28.092,26.756,21.651,21.565,27.356,28.888,22.250
1500651555,2017-07-21 15:39:15,23.483,28.220,26.631,21.716,21.566,27.228,28.887,22.251
1500651560,2017-07-21 15:39:20,23.612,28.093,26.694,21.778,21.629,27.228,28.951,22.188
1500651565,2017-07-21 15:39:25,23.611,28.093,26.757,21.716,21.566,27.101,28.889,22.188
1500651570,2017-07-21 15:39:30,23.676,28.093,26.694,21.653,21.566,27.165,28.889,22.316
1500651575,2017-07-21 15:39:35,23.611,28.092,26.694,21.716,21.629,27.357,29.015,22.252
1500651580,2017-07-21 15:39:40,23.612,28.092,26.694,21.717,21.631,27.228,28.951,22.059
1500651585,2017-07-21 15:39:45,23.676,28.092,26.694,21.780,21.630,27.292,28.888,22.059
1500651590,2017-07-21 15:39:50,23.548,28.156,26.694,21.716,21.629,27.292,28.952,21.994
1500651595,2017-07-21 15:39:55,23.612,28.284,26.821,21.716,21.567,27.100,28.951,22.059
1500651600,2017-07-21 15:40:00,23.739,28.219,26.758,21.844,21.502,27.164,28.888,22.060
1500651605,2017-07-21 15:40:05,23.676,28.157,26.694,21.843,21.692,27.227,28.888,22.059
1500651610,2017-07-21 15:40:10,23.548,28.220,26.694,21.972,21.629,27.292,28.951,22.060
1500651615,2017-07-21 15:40:15,23.740,28.283,26.887,21.972,21.629,27.356,28.889,21.995
1500651620,2017-07-21 15:40:20,23.675,28.284,26.822,21.909,21.629,27.228,28.953,22.123
1500651625,2017-07-21 15:40:25,23.804,28.284,26.758,21.908,21.694,27.290,28.952,21.995
1500651630,2017-07-21 15:40:30,23.676,28.283,26.758,21.973,21.694,27.292,28.952,22.058
1500651635,2017-07-21 15:40:35,23.868,28.283,26.821,21.845,21.629,27.227,29.015,21.932
1500651640,2017-07-21 15:40:40,23.612,28.283,26.885,21.973,21.694,27.163,29.015,21.995
1500651645,2017-07-21 15:40:45,23.612,28.220,26.822,21.972,21.694,27.227,29.080,21.995
1500651650,2017-07-21 15:40:50,23.740,28.284,26.948,21.780,21.567,27.227,29.079,21.931
1500651655,2017-07-21 15:40:55,23.804,28.220,26.821,21.908,21.695,27.227,28.952,22.123
1500651660,2017-07-21 15:41:00,23.803,28.347,26.822,21.844,21.758,27.228,29.015,22.123
1500651665,2017-07-21 15:41:05,23.804,28.346,26.693,21.780,21.567,27.229,29.015,22.187
1500651670,2017-07-21 15:41:10,23.677,28.284,26.886,21.780,21.758,27.291,28.951,22.252
1500651675,2017-07-21 15:41:15,23.804,28.347,26.948,21.908,21.823,27.419,28.888,22.251
1500651680,2017-07-21 15:41:20,23.805,28.348,26.885,21.972,21.823,27.357,28.888,22.123
1500651685,2017-07-21 15:41:25,23.868,28.284,26.758,21.780,21.694,27.356,28.952,22.123
1500651690,2017-07-21 15:41:30,23.804,28.347,26.886,21.972,21.758,27.483,28.952,21.994
1500651695,2017-07-21 15:41:35,23.804,28.347,27.012,21.908,21.822,27.355,29.015,21.931
1500651700,2017-07-21 15:41:40,23.869,28.285,26.949,21.844,21.630,27.292,29.079,21.867
1500651705,2017-07-21 15:41:45,23.804,28.283,27.013,21.844,21.886,27.354,29.079,21.931
1500651710,2017-07-21 15:41:50,23.868,28.220,27.013,21.972,21.886,27.355,29.015,21.995
1500651715,2017-07-21 15:41:55,23.867,28.348,27.013,21.972,21.822,27.292,29.206,21.932
1500651720,2017-07-21 15:42:00,23.804,28.348,26.950,22.037,21.759,27.292,29.016,21.994
1500651725,2017-07-21 15:42:05,23.804,28.347,26.949,21.907,21.758,27.291,29.143,22.058
1500651730,2017-07-21 15:42:10,23.804,28.285,27.077,21.972,21.694,27.228,29.206,21.995
1500651735,2017-07-21 15:42:15,23.804,28.537,26.885,21.909,21.693,27.291,29.270,21.868
1500651740,2017-07-21 15:42:20,23.932,28.474,26.950,22.036,21.630,27.292,29.142,22.059
1500651745,2017-07-21 15:42:25,23.868,28.412,27.076,21.972,21.759,27.355,29.207,21.995
1500651750,2017-07-21 15:42:30,23.996,28.411,27.076,21.909,21.695,27.228,29.079,22.060
1500651755,2017-07-21 15:42:35,23.996,28.474,27.013,21.973,21.822,27.356,29.143,22.123
1500651760,2017-07-21 15:42:40,23.869,28.475,27.077,21.972,21.758,27.355,29.270,22.060
1500651765,2017-07-21 15:42:45,23.868,28.347,26.884,22.037,21.951,27.355,29.142,22.059
1500651770,2017-07-21 15:42:50,23.805,28.410,27.077,22.037,21.950,27.355,29.143,22.059
1500651775,2017-07-21 15:42:55,23.933,28.537,27.077,21.973,21.823,27.419,29.078,21.995
1500651780,2017-07-21 15:43:00,23.869,28.474,27.077,21.907,21.759,27.355,29.206,21.866
1500651785,2017-07-21 15:43:05,23.997,28.411,27.078,22.037,21.822,27.356,29.270,21.994
1500651790,2017-07-21 15:43:10,23.997,28.411,27.141,22.101,21.758,27.292,29.334,21.995
1500651795,2017-07-21 15:43:15,24.061,28.475,27.077,21.972,21.822,27.292,29.206,21.930
1500651800,2017-07-21 15:43:20,23.996,28.475,27.013,22.035,21.823,27.482,29.144,21.995
1500651805,2017-07-21 15:43:25,24.059,28.539,27.140,22.037,21.822,27.418,29.206,21.867
1500651810,2017-07-21 15:43:30,23.933,28.475,27.014,21.972,21.823,27.420,29.270,21.932
1500651815,2017-07-21 15:43:35,23.997,28.539,27.077,21.973,21.822,27.228,29.206,21.804
1500651820,2017-07-21 15:43:40,23.997,28.537,27.077,22.036,21.758,27.292,29.334,21.801
1500651825,2017-07-21 15:43:45,23.997,28.538,27.077,22.036,21.759,27.355,29.334,21.803
1500651830,2017-07-21 15:43:50,24.060,28.602,27.078,22.037,21.822,27.355,29.271,21.930
1500651835,2017-07-21 15:43:55,23.932,28.665,27.078,22.101,21.823,27.484,29.207,21.803
1500651840,2017-07-21 15:44:00,23.932,28.602,27.204,21.972,21.887,27.355,29.334,21.995
1500651845,2017-07-21 15:44:05,23.995,28.538,27.078,22.036,21.950,27.355,29.143,21.995
1500651850,2017-07-21 15:44:10,24.061,28.538,27.076,21.972,21.823,27.420,29.270,21.997
1500651855,2017-07-21 15:44:15,23.997,28.475,27.142,22.165,21.823,27.483,29.208,21.996
1500651860,2017-07-21 15:44:20,24.060,28.602,27.142,21.973,21.822,27.484,29.207,21.996
1500651865,2017-07-21 15:44:25,24.060,28.475,27.077,22.037,21.822,27.419,29.207,21.995
1500651870,2017-07-21 15:44:30,23.997,28.539,27.141,22.101,21.887,27.483,29.270,21.995
1500651875,2017-07-21 15:44:35,24.061,28.538,27.141,22.037,21.950,27.420,29.206,21.995
1500651880,2017-07-21 15:44:40,24.061,28.475,27.077,22.101,21.886,27.419,29.143,22.060
1500651885,2017-07-21 15:44:45,24.061,28.474,27.076,22.101,21.823,27.484,29.207,22.060
1500651890,2017-07-21 15:44:50,24.125,28.602,27.077,22.165,21.886,27.420,29.270,21.995
1500651895,2017-07-21 15:44:55,24.125,28.602,27.205,21.972,21.822,27.484,29.271,21.867
1500651900,2017-07-21 15:45:00,24.061,28.602,27.077,22.101,21.758,27.420,29.334,21.932
1500651905,2017-07-21 15:45:05,24.125,28.539,27.141,22.165,21.822,27.419,29.333,21.931
1500651910,2017-07-21 15:45:10,24.125,28.601,27.205,22.229,21.950,27.547,29.269,21.996
1500651915,2017-07-21 15:45:15,24.061,28.602,27.078,22.228,21.886,27.484,29.270,22.123
1500651920,2017-07-21 15:45:20,24.125,28.539,27.203,22.038,21.823,27.483,29.334,22.060
1500651925,2017-07-21 15:45:25,24.061,28.602,27.205,21.972,21.822,27.484,29.397,22.059
1500651930,2017-07-21 15:45:30,24.316,28.602,27.205,22.164,21.822,27.483,29.270,22.060
1500651935,2017-07-21 15:45:35,24.061,28.538,27.267,22.037,22.079,27.610,29.206,21.931
1500651940,2017-07-21 15:45:40,24.188,28.601,27.268,22.101,21.886,27.483,29.334,21.739
1500651945,2017-07-21 15:45:45,24.060,28.601,27.269,22.164,22.013,27.483,29.334,21.866
1500651950,2017-07-21 15:45:50,24.188,28.538,27.141,22.101,21.823,27.483,29.334,21.995
1500651955,2017-07-21 15:45:55,24.252,28.602,27.141,22.229,22.079,27.484,29.334,22.059
1500651960,2017-07-21 15:46:00,24.188,28.665,27.205,22.228,21.823,27.419,29.270,21.867
1500651965,2017-07-21 15:46:05,24.189,28.602,27.205,22.037,21.950,27.483,29.334,22.060
1500651970,2017-07-21 15:46:10,24.189,28.603,27.205,22.037,21.821,27.419,29.398,21.931
1500651975,2017-07-21 15:46:15,24.189,28.603,27.268,22.227,22.014,27.484,29.397,21.932
1500651980,2017-07-21 15:46:20,24.125,28.666,27.268,22.229,21.886,27.547,29.397,21.867
1500651985,2017-07-21 15:46:25,24.253,28.602,27.205,22.165,21.822,27.675,29.270,22.058
1500651990,2017-07-21 15:46:30,24.188,28.602,27.332,22.229,21.950,27.548,29.461,21.996
1500651995,2017-07-21 15:46:35,24.253,28.666,27.333,22.164,21.950,27.548,29.398,21.931
1500652000,2017-07-21 15:46:40,24.189,28.602,27.270,22.230,21.951,27.483,29.335,21.930
1500652005,2017-07-21 15:46:45,24.317,28.601,27.333,22.037,21.951,27.484,29.397,21.867
1500652010,2017-07-21 15:46:50,24.316,28.666,27.268,22.230,22.015,27.482,29.334,21.801
1500652015,2017-07-21 15:46:55,24.253,28.666,27.333,22.165,22.015,27.482,29.398,21.803
1500652020,2017-07-21 15:47:00,24.380,28.666,27.268,22.229,21.952,27.548,29.462,21.867
1500652025,2017-07-21 15:47:05,24.317,28.603,27.332,22.165,21.886,27.483,29.461,21.867
1500652030,2017-07-21 15:47:10,24.253,28.603,27.396,22.293,21.951,27.483,29.398,21.996
1500652035,2017-07-21 15:47:15,24.253,28.666,27.333,22.229,22.014,27.547,29.397,21.995
1500652040,2017-07-21 15:47:20,24.316,28.601,27.332,22.230,21.950,27.547,29.397,21.995
1500652045,2017-07-21 15:47:25,24.253,28.540,27.332,22.165,21.950,27.739,29.461,21.996
1500652050,2017-07-21 15:47:30,24.253,28.730,27.397,22.229,21.823,27.484,29.462,21.932
1500652055,2017-07-21 15:47:35,24.316,28.730,27.332,22.230,21.886,27.547,29.525,22.187
1500652060,2017-07-21 15:47:40,24.317,28.793,27.334,22.231,22.014,27.738,29.399,22.250
1500652065,2017-07-21 15:47:45,24.253,28.729,27.333,22.230,21.950,27.611,29.462,22.125
1500652070,2017-07-21 15:47:50,24.253,28.666,27.333,22.229,21.951,27.611,29.398,22.123
1500652075,2017-07-21 15:47:55,24.316,28.793,27.333,22.293,22.015,27.612,29.525,22.187
1500652080,2017-07-21 15:48:00,24.381,28.667,27.397,22.294,22.079,27.483,29.334,21.995
1500652085,2017-07-21 15:48:05,24.317,28.731,27.333,22.420,22.078,27.676,29.335,21.867
1500652090,2017-07-21 15:48:10,24.318,28.666,27.269,22.357,22.143,27.484,29.525,21.995
1500652095,2017-07-21 15:48:15,24.254,28.729,27.460,22.293,22.015,27.547,29.462,21.867
1500652100,2017-07-21 15:48:20,24.317,28.793,27.396,22.230,22.079,27.610,29.462,22.187
1500652106,2017-07-21 15:48:26,24.381,28.793,27.398,22.166,22.079,27.547,29.461,22.252
1500652111,2017-07-21 15:48:31,24.446,28.794,27.460,22.293,22.142,27.676,29.525,22.315
1500652116,2017-07-21 15:48:36,24.317,28.857,27.396,22.230,22.142,27.675,29.461,22.252
1500652121,2017-07-21 15:48:41,24.446,28.666,27.397,22.230,22.142,27.674,29.525,22.188
1500652126,2017-07-21 15:48:46,24.317,28.730,27.460,22.229,22.079,27.612,29.335,22.187
1500652131,2017-07-21 15:48:51,24.318,28.793,27.333,22.229,22.078,27.738,29.462,21.995
1500652136,2017-07-21 15:48:56,24.509,28.729,27.460,22.231,22.143,27.675,29.461,21.995
1500652140,2017-07-21 15:49:00,24.445,28.793,27.523,22.229,22.079,27.739,29.398,21.995
1500652145,2017-07-21 15:49:05,24.382,28.730,27.460,22.357,22.079,27.739,29.525,21.931
1500652150,2017-07-21 15:49:10,24.317,28.794,27.524,22.230,22.079,27.739,29.462,21.803
1500652155,2017-07-21 15:49:15,24.381,28.857,27.331,22.358,22.079,27.802,29.462,21.803
1500652160,2017-07-21 15:49:20,24.381,28.857,27.460,22.485,22.143,27.611,29.461,21.931
1500652165,2017-07-21 15:49:25,24.381,28.920,27.460,22.294,22.207,27.611,29.525,21.932
1500652170,2017-07-21 15:49:30,24.317,28.793,27.523,22.421,22.142,27.802,29.462,21.930
1500652175,2017-07-21 15:49:35,24.572,28.858,27.588,22.358,22.143,27.739,29.589,21.995
1500652180,2017-07-21 15:49:40,24.381,28.857,27.524,22.422,22.080,27.676,29.462,21.995
1500652185,2017-07-21 15:49:45,24.509,28.857,27.524,22.293,22.207,27.803,29.589,21.995
1500652190,2017-07-21 15:49:50,24.446,28.920,27.524,22.293,22.143,27.739,29.589,21.802
1500652195,2017-07-21 15:49:55,24.444,28.920,27.460,22.294,22.078,27.675,29.653,21.739
1500652200,2017-07-21 15:50:00,24.446,28.857,27.588,22.486,22.207,27.612,29.589,21.931
1500652205,2017-07-21 15:50:05,24.382,28.856,27.588,22.422,22.143,27.675,29.525,22.060
1500652210,2017-07-21 15:50:10,24.446,28.921,27.524,22.358,22.079,27.611,29.589,22.059
1500652215,2017-07-21 15:50:15,24.382,28.985,27.587,22.422,22.143,27.802,29.526,22.188
1500652220,2017-07-21 15:50:20,24.510,28.794,27.461,22.357,22.271,27.739,29.589,22.059
1500652225,2017-07-21 15:50:25,24.573,28.857,27.589,22.422,22.208,27.738,29.589,22.059
1500652230,2017-07-21 15:50:30,24.382,28.794,27.524,22.486,22.207,27.738,29.462,21.932
1500652235,2017-07-21 15:50:35,24.573,28.921,27.525,22.487,22.143,27.740,29.589,22.252
1500652240,2017-07-21 15:50:40,24.573,28.856,27.461,22.487,22.143,27.740,29.589,22.124
1500652245,2017-07-21 15:50:45,24.573,28.794,27.588,22.486,22.271,27.740,29.462,22.189
1500652250,2017-07-21 15:50:50,24.510,28.857,27.524,22.423,22.272,27.803,29.462,22.252
1500652255,2017-07-21 15:50:55,24.510,28.793,27.588,22.486,22.335,27.930,29.398,22.251
1500652260,2017-07-21 15:51:00,24.381,28.793,27.460,22.486,22.334,28.058,29.461,22.251
1500652265,2017-07-21 15:51:05,24.510,28.857,27.588,22.486,22.272,28.059,29.462,22.060
1500652270,2017-07-21 15:51:10,24.574,28.919,27.525,22.485,22.335,28.122,29.333,22.253
1500652275,2017-07-21 15:51:15,24.573,28.920,27.524,22.550,22.336,28.250,29.397,22.189
1500652280,2017-07-21 15:51:20,24.510,28.857,27.588,22.551,22.464,28.250,29.335,22.253
1500652285,2017-07-21 15:51:25,24.574,28.857,27.588,22.550,22.400,28.312,29.462,22.252
1500652290,2017-07-21 15:51:30,24.637,28.920,27.589,22.678,22.399,27.994,29.462,22.317
1500652295,2017-07-21 15:51:35,24.637,29.048,27.589,22.678,22.336,27.996,29.589,22.316
1500652300,2017-07-21 15:51:40,24.574,28.857,27.716,22.550,22.336,28.058,29.589,22.253
1500652305,2017-07-21 15:51:45,24.637,28.985,27.588,22.550,22.464,28.249,29.717,22.252
1500652310,2017-07-21 15:51:50,24.765,29.112,27.652,22.550,22.336,28.122,29.653,22.381
1500652315,2017-07-21 15:51:55,24.574,28.985,27.652,22.741,22.335,28.186,29.716,22.253
1500652320,2017-07-21 15:52:00,24.574,29.112,27.589,22.744,22.336,28.186,29.718,22.445
1500652325,2017-07-21 15:52:05,24.637,28.984,27.652,22.615,22.336,28.122,29.716,22.252
1500652330,2017-07-21 15:52:10,24.573,29.048,27.716,22.742,22.464,28.250,29.717,22.380
1500652335,2017-07-21 15:52:15,24.574,28.921,27.652,22.742,22.528,28.250,29.653,22.381
1500652340,2017-07-21 15:52:20,24.638,29.049,27.653,22.614,22.336,28.249,29.652,22.380
1500652345,2017-07-21 15:52:25,24.702,28.984,27.652,22.680,22.528,28.250,29.653,22.444
1500652350,2017-07-21 15:52:30,24.702,29.048,27.716,22.743,22.655,28.187,29.653,22.444
1500652355,2017-07-21 15:52:35,24.766,28.984,27.652,22.806,22.592,28.314,29.652,22.316
1500652360,2017-07-21 15:52:40,24.766,29.049,27.652,22.807,22.529,28.506,29.590,22.316
1500652365,2017-07-21 15:52:45,24.829,29.048,27.717,22.743,22.592,28.250,29.654,22.252
1500652370,2017-07-21 15:52:50,24.830,29.111,27.716,22.743,22.592,28.314,29.717,22.252
1500652375,2017-07-21 15:52:55,24.830,29.112,27.715,22.744,22.848,28.379,29.717,22.380
1500652380,2017-07-21 15:53:00,24.830,29.048,27.780,22.806,22.656,28.379,29.717,22.317
1500652385,2017-07-21 15:53:05,24.830,28.985,27.780,22.871,22.592,28.314,29.589,22.252
1500652390,2017-07-21 15:53:10,24.831,29.049,27.780,22.872,22.528,28.250,29.718,22.381
1500652395,2017-07-21 15:53:15,24.830,29.175,27.843,22.744,22.528,28.250,29.846,22.444
1500652400,2017-07-21 15:53:20,24.830,29.111,27.844,22.745,22.720,28.186,29.844,22.316
1500652405,2017-07-21 15:53:25,24.830,29.112,27.780,22.679,22.591,28.314,29.780,22.253
1500652410,2017-07-21 15:53:30,24.766,29.112,27.844,22.871,22.592,28.314,29.972,22.316
1500652415,2017-07-21 15:53:35,24.830,29.112,27.843,22.871,22.591,28.250,30.035,22.315
1500652420,2017-07-21 15:53:40,24.831,29.176,27.844,22.871,22.656,28.250,29.971,22.315
1500652425,2017-07-21 15:53:45,24.830,29.112,27.843,22.807,22.592,28.186,30.035,22.445
1500652430,2017-07-21 15:53:50,24.894,29.239,27.843,22.871,22.592,28.251,29.972,22.380
1500652435,2017-07-21 15:53:55,24.830,29.239,27.780,22.744,22.656,28.441,29.908,22.444
1500652440,2017-07-21 15:54:00,24.958,29.240,27.844,22.871,22.657,28.378,29.908,22.508
1500652445,2017-07-21 15:54:05,24.831,29.239,27.971,23.001,22.592,28.314,29.972,22.508
1500652450,2017-07-21 15:54:10,24.831,29.303,27.971,22.999,22.592,28.505,30.099,22.444
1500652455,2017-07-21 15:54:15,24.958,29.430,27.907,22.744,22.784,28.441,29.972,22.445
1500652460,2017-07-21 15:54:20,24.894,29.367,27.907,22.935,22.657,28.441,29.972,22.509
1500652465,2017-07-21 15:54:25,24.958,29.367,27.908,22.871,22.720,28.441,30.099,22.444
1500652470,2017-07-21 15:54:30,24.957,29.429,28.035,22.999,22.592,28.505,30.036,22.380
